,Items,Antecedent,Consequent,Support,Confidence,Lift
34,"{'CAST_301', 'CAST_300'}",{'CAST_300'},{'CAST_301'},0.0007714065312419646,1.0,1296.3333333333333
35,"{'CAST_301', 'CAST_300'}",{'CAST_301'},{'CAST_300'},0.0007714065312419646,1.0,1296.3333333333333
38,"{'JAPN_454', 'JAPN_456'}",{'JAPN_456'},{'JAPN_454'},0.0007714065312419646,1.0,972.25
37,"{'JAPN_454', 'JAPN_456'}",{'JAPN_454'},{'JAPN_456'},0.0007714065312419646,0.75,972.2499999999999
29,"{'ATHL_456', 'ATHL_459'}",{'ATHL_456'},{'ATHL_459'},0.0007714065312419646,0.75,729.1875
30,"{'ATHL_456', 'ATHL_459'}",{'ATHL_459'},{'ATHL_456'},0.0007714065312419646,0.75,729.1875
32,"{'BIOL_324', 'BIOL_323'}",{'BIOL_323'},{'BIOL_324'},0.0007714065312419646,0.75,729.1875
33,"{'BIOL_324', 'BIOL_323'}",{'BIOL_324'},{'BIOL_323'},0.0007714065312419646,0.75,729.1875
75,"{'APST_701', 'APST_213', 'MUTH_202'}","{'APST_701', 'MUTH_202'}",{'APST_213'},0.0007714065312419646,1.0,555.5714285714286
188,"{'APST_701', 'APST_213', 'PVST_002', 'MUTH_202'}","{'APST_701', 'PVST_002', 'MUTH_202'}",{'APST_213'},0.0007714065312419646,1.0,555.5714285714286
192,"{'PVST_002', 'APST_213', 'MUTH_201', 'MUTH_202'}","{'PVST_002', 'MUTH_201', 'MUTH_202'}",{'APST_213'},0.0007714065312419646,1.0,555.5714285714286
116,"{'APST_821', 'PVST_018', 'MUTH_132'}","{'APST_821', 'MUTH_132'}",{'PVST_018'},0.0007714065312419646,1.0,388.90000000000003
117,"{'APST_821', 'PVST_018', 'MUTH_132'}","{'PVST_018', 'MUTH_132'}",{'APST_821'},0.0007714065312419646,1.0,388.90000000000003
198,"{'APST_701', 'MUTH_201', 'OPTH_202', 'PVST_002'}","{'APST_701', 'MUTH_201', 'PVST_002'}",{'OPTH_202'},0.0007714065312419646,1.0,388.90000000000003
83,"{'PVST_002', 'APST_213', 'MUTH_201'}","{'PVST_002', 'MUTH_201'}",{'APST_213'},0.0007714065312419646,0.6000000000000001,333.34285714285716
196,"{'MUTH_232', 'APST_213', 'PVST_002', 'MUTH_202'}","{'MUTH_232', 'PVST_002', 'MUTH_202'}",{'APST_213'},0.0007714065312419646,0.6000000000000001,333.34285714285716
27,"{'ARBC_102', 'ARBC_101'}",{'ARBC_101'},{'ARBC_102'},0.0007714065312419646,0.5,324.0833333333333
28,"{'ARBC_102', 'ARBC_101'}",{'ARBC_102'},{'ARBC_101'},0.0007714065312419646,0.5,324.0833333333333
60,"{'PHYS_312', 'PHYS_314'}",{'PHYS_312'},{'PHYS_314'},0.0007714065312419646,0.5,324.0833333333333
61,"{'PHYS_312', 'PHYS_314'}",{'PHYS_314'},{'PHYS_312'},0.0007714065312419646,0.5,324.0833333333333
106,"{'PVST_009', 'APST_802', 'APST_800'}","{'APST_802', 'APST_800'}",{'PVST_009'},0.0007714065312419646,0.75,324.0833333333333
109,"{'APST_804', 'PVST_012', 'APST_800'}","{'PVST_012', 'APST_800'}",{'APST_804'},0.0007714065312419646,1.0,324.0833333333333
200,"{'APST_701', 'MUTH_201', 'OPTH_202', 'PVST_002'}","{'OPTH_202', 'MUTH_201', 'PVST_002'}",{'APST_701'},0.0007714065312419646,1.0,324.0833333333333
107,"{'PVST_009', 'APST_802', 'APST_800'}","{'PVST_009', 'APST_800'}",{'APST_802'},0.0007714065312419646,0.6000000000000001,291.67500000000007
15,"{'APST_714', 'PVST_013'}",{'APST_714'},{'PVST_013'},0.0007714065312419646,0.5,277.7857142857143
78,"{'APST_701', 'APST_213', 'PVST_002'}","{'APST_701', 'PVST_002'}",{'APST_213'},0.0007714065312419646,0.5,277.7857142857143
91,"{'MUTH_232', 'APST_213', 'PVST_002'}","{'MUTH_232', 'PVST_002'}",{'APST_213'},0.0007714065312419646,0.5,277.7857142857143
104,"{'APST_701', 'OPTH_203', 'PVST_002'}","{'APST_701', 'PVST_002'}",{'OPTH_203'},0.0007714065312419646,0.5,243.0625
177,"{'OPTH_202', 'MUTH_201', 'PVST_002'}","{'PVST_002', 'MUTH_201'}",{'OPTH_202'},0.0007714065312419646,0.6000000000000001,233.34000000000003
40,"{'JAZZ_131', 'JAZZ_700'}",{'JAZZ_131'},{'JAZZ_700'},0.0007714065312419646,0.5,194.45000000000002
74,"{'APST_701', 'APST_213', 'MUTH_202'}","{'APST_213', 'MUTH_202'}",{'APST_701'},0.0007714065312419646,0.6000000000000001,194.45000000000002
97,"{'APST_701', 'MUTH_201', 'PVST_002'}","{'PVST_002', 'MUTH_201'}",{'APST_701'},0.0007714065312419646,0.6000000000000001,194.45000000000002
187,"{'APST_701', 'APST_213', 'PVST_002', 'MUTH_202'}","{'PVST_002', 'APST_213', 'MUTH_202'}",{'APST_701'},0.0007714065312419646,0.6000000000000001,194.45000000000002
64,"{'PHYS_412', 'PHYS_555'}",{'PHYS_412'},{'PHYS_555'},0.0007714065312419646,0.5,176.77272727272728
67,"{'THEA_200', 'THEA_253'}",{'THEA_253'},{'THEA_200'},0.0007714065312419646,0.5,176.77272727272728
77,"{'APST_701', 'APST_213', 'PVST_002'}","{'PVST_002', 'APST_213'}",{'APST_701'},0.0007714065312419646,0.5,162.04166666666666
105,"{'APST_701', 'OPTH_203', 'PVST_002'}","{'PVST_002', 'OPTH_203'}",{'APST_701'},0.0007714065312419646,0.5,162.04166666666666
126,"{'MUTH_101', 'MHST_101', 'MUTH_131'}","{'MUTH_101', 'MHST_101'}",{'MUTH_131'},0.0007714065312419646,1.0,138.89285714285714
19,"{'APST_812', 'PVST_007'}",{'APST_812'},{'PVST_007'},0.0007714065312419646,0.75,132.57954545454544
2,"{'PVST_001', 'APST_211'}",{'APST_211'},{'PVST_001'},0.0007714065312419646,1.0,125.4516129032258
45,"{'PVST_001', 'MLIT_216'}",{'MLIT_216'},{'PVST_001'},0.0007714065312419646,1.0,125.4516129032258
179,"{'MUTH_231', 'MUTH_232', 'MUTH_202'}","{'MUTH_231', 'MUTH_202'}",{'MUTH_232'},0.0007714065312419646,1.0,114.38235294117646
6,"{'APST_242', 'PVST_004'}",{'APST_242'},{'PVST_004'},0.0007714065312419646,0.75,112.1826923076923
128,"{'MHST_101', 'MUTH_102', 'MUTH_132'}","{'MHST_101', 'MUTH_102'}",{'MUTH_132'},0.0007714065312419646,1.0,105.10810810810811
159,"{'MUTH_201', 'MUTH_132', 'MUTH_131'}","{'MUTH_201', 'MUTH_131'}",{'MUTH_132'},0.0007714065312419646,1.0,105.10810810810811
224,"{'MUTH_232', 'MUTH_201', 'MUTH_132', 'MUTH_231', 'MUTH_102'}","{'MUTH_231', 'MUTH_201', 'MUTH_102', 'MUTH_232'}",{'MUTH_132'},0.0007714065312419646,1.0,105.10810810810811
41,"{'PVST_031', 'JAZZ_803'}",{'PVST_031'},{'JAZZ_803'},0.0007714065312419646,0.5,102.3421052631579
53,"{'NSCI_211', 'PSYC_220'}",{'PSYC_220'},{'NSCI_211'},0.0007714065312419646,0.6000000000000001,101.4521739130435
118,"{'APST_821', 'MUTH_231', 'MUTH_201'}","{'APST_821', 'MUTH_201'}",{'MUTH_231'},0.0007714065312419646,1.0,94.85365853658536
127,"{'MUTH_101', 'MHST_101', 'MUTH_131'}","{'MHST_101', 'MUTH_131'}",{'MUTH_101'},0.0007714065312419646,1.0,94.85365853658536
174,"{'MUTH_231', 'PVST_001', 'MUTH_201'}","{'PVST_001', 'MUTH_201'}",{'MUTH_231'},0.0007714065312419646,1.0,94.85365853658536
222,"{'MUTH_232', 'MUTH_201', 'MUTH_132', 'MUTH_231', 'MUTH_102'}","{'MUTH_232', 'MUTH_201', 'MUTH_102', 'MUTH_132'}",{'MUTH_231'},0.0007714065312419646,1.0,94.85365853658536
129,"{'MHST_101', 'MUTH_102', 'MUTH_132'}","{'MHST_101', 'MUTH_132'}",{'MUTH_102'},0.0007714065312419646,1.0,90.44186046511629
135,"{'MUTH_101', 'MUTH_231', 'MUTH_102'}","{'MUTH_101', 'MUTH_231'}",{'MUTH_102'},0.0007714065312419646,1.0,90.44186046511629
73,"{'APST_701', 'APST_213', 'MUTH_202'}","{'APST_701', 'APST_213'}",{'MUTH_202'},0.0007714065312419646,1.0,86.42222222222223
79,"{'APST_213', 'MUTH_201', 'MUTH_202'}","{'APST_213', 'MUTH_201'}",{'MUTH_202'},0.0007714065312419646,1.0,86.42222222222223
85,"{'MUTH_232', 'APST_213', 'MUTH_202'}","{'MUTH_232', 'APST_213'}",{'MUTH_202'},0.0007714065312419646,1.0,86.42222222222223
186,"{'APST_701', 'APST_213', 'PVST_002', 'MUTH_202'}","{'APST_701', 'APST_213', 'PVST_002'}",{'MUTH_202'},0.0007714065312419646,1.0,86.42222222222223
190,"{'PVST_002', 'APST_213', 'MUTH_201', 'MUTH_202'}","{'PVST_002', 'APST_213', 'MUTH_201'}",{'MUTH_202'},0.0007714065312419646,1.0,86.42222222222223
195,"{'MUTH_232', 'APST_213', 'PVST_002', 'MUTH_202'}","{'MUTH_232', 'APST_213', 'PVST_002'}",{'MUTH_202'},0.0007714065312419646,1.0,86.42222222222223
136,"{'MUTH_101', 'MUTH_132', 'MUTH_131'}","{'MUTH_101', 'MUTH_132'}",{'MUTH_131'},0.0007714065312419646,0.6000000000000001,83.33571428571429
119,"{'APST_821', 'MUTH_231', 'MUTH_201'}","{'APST_821', 'MUTH_231'}",{'MUTH_201'},0.0007714065312419646,1.0,79.36734693877551
121,"{'MUTH_231', 'MUTH_201', 'JAZZ_803'}","{'MUTH_231', 'JAZZ_803'}",{'MUTH_201'},0.0007714065312419646,1.0,79.36734693877551
173,"{'MUTH_231', 'MUTH_201', 'OPTH_202'}","{'MUTH_231', 'OPTH_202'}",{'MUTH_201'},0.0007714065312419646,1.0,79.36734693877551
175,"{'MUTH_231', 'PVST_001', 'MUTH_201'}","{'MUTH_231', 'PVST_001'}",{'MUTH_201'},0.0007714065312419646,1.0,79.36734693877551
207,"{'MUTH_232', 'MUTH_201', 'MUTH_102', 'MUTH_132'}","{'MUTH_232', 'MUTH_201', 'MUTH_102'}",{'MUTH_132'},0.0007714065312419646,0.75,78.83108108108108
31,"{'BIOL_213', 'NSCI_327'}",{'NSCI_327'},{'BIOL_213'},0.0007714065312419646,0.75,71.14024390243902
120,"{'MUTH_231', 'MUTH_201', 'JAZZ_803'}","{'MUTH_201', 'JAZZ_803'}",{'MUTH_231'},0.0007714065312419646,0.75,71.14024390243902
137,"{'MUTH_101', 'MUTH_132', 'MUTH_131'}","{'MUTH_132', 'MUTH_131'}",{'MUTH_101'},0.0007714065312419646,0.75,71.14024390243902
214,"{'MUTH_231', 'MUTH_201', 'MUTH_102', 'MUTH_232'}","{'MUTH_232', 'MUTH_201', 'MUTH_102'}",{'MUTH_231'},0.0007714065312419646,0.75,71.14024390243902
39,"{'MUTH_232', 'JAZZ_121'}",{'JAZZ_121'},{'MUTH_232'},0.0007714065312419646,0.6000000000000001,68.62941176470589
84,"{'MUTH_232', 'APST_213', 'MUTH_202'}","{'APST_213', 'MUTH_202'}",{'MUTH_232'},0.0007714065312419646,0.6000000000000001,68.62941176470589
153,"{'MUTH_232', 'MUTH_102', 'MUTH_202'}","{'MUTH_102', 'MUTH_202'}",{'MUTH_232'},0.0007714065312419646,0.6000000000000001,68.62941176470589
194,"{'MUTH_232', 'APST_213', 'PVST_002', 'MUTH_202'}","{'PVST_002', 'APST_213', 'MUTH_202'}",{'MUTH_232'},0.0007714065312419646,0.6000000000000001,68.62941176470589
213,"{'MUTH_231', 'MUTH_201', 'MUTH_102', 'MUTH_232'}","{'MUTH_231', 'MUTH_201', 'MUTH_102'}",{'MUTH_232'},0.0007714065312419646,0.6000000000000001,68.62941176470589
221,"{'MUTH_232', 'MUTH_201', 'MUTH_132', 'MUTH_231', 'MUTH_102'}","{'MUTH_231', 'MUTH_201', 'MUTH_102', 'MUTH_132'}",{'MUTH_232'},0.0007714065312419646,0.6000000000000001,68.62941176470589
143,"{'MUTH_102', 'MUTH_132', 'MUTH_202'}","{'MUTH_132', 'MUTH_202'}",{'MUTH_102'},0.0007714065312419646,0.75,67.83139534883722
208,"{'MUTH_232', 'MUTH_201', 'MUTH_102', 'MUTH_132'}","{'MUTH_232', 'MUTH_201', 'MUTH_132'}",{'MUTH_102'},0.0007714065312419646,0.75,67.83139534883722
225,"{'MUTH_232', 'MUTH_201', 'MUTH_132', 'MUTH_231', 'MUTH_102'}","{'MUTH_231', 'MUTH_201', 'MUTH_132', 'MUTH_232'}",{'MUTH_102'},0.0007714065312419646,0.75,67.83139534883722
76,"{'APST_701', 'APST_213', 'PVST_002'}","{'APST_701', 'APST_213'}",{'PVST_002'},0.0007714065312419646,1.0,67.05172413793103
81,"{'PVST_002', 'APST_213', 'MUTH_201'}","{'APST_213', 'MUTH_201'}",{'PVST_002'},0.0007714065312419646,1.0,67.05172413793103
89,"{'MUTH_232', 'APST_213', 'PVST_002'}","{'MUTH_232', 'APST_213'}",{'PVST_002'},0.0007714065312419646,1.0,67.05172413793103
98,"{'APST_701', 'PVST_002', 'MUTH_202'}","{'APST_701', 'MUTH_202'}",{'PVST_002'},0.0007714065312419646,1.0,67.05172413793103
103,"{'APST_701', 'OPTH_203', 'PVST_002'}","{'APST_701', 'OPTH_203'}",{'PVST_002'},0.0007714065312419646,1.0,67.05172413793103
122,"{'LANG_101', 'PVST_002', 'MUTH_202'}","{'LANG_101', 'MUTH_202'}",{'PVST_002'},0.0007714065312419646,1.0,67.05172413793103
124,"{'PVST_002', 'LANG_200', 'MUTH_202'}","{'LANG_200', 'MUTH_202'}",{'PVST_002'},0.0007714065312419646,1.0,67.05172413793103
185,"{'APST_701', 'APST_213', 'PVST_002', 'MUTH_202'}","{'APST_701', 'APST_213', 'MUTH_202'}",{'PVST_002'},0.0007714065312419646,1.0,67.05172413793103
189,"{'PVST_002', 'APST_213', 'MUTH_201', 'MUTH_202'}","{'APST_213', 'MUTH_201', 'MUTH_202'}",{'PVST_002'},0.0007714065312419646,1.0,67.05172413793103
193,"{'MUTH_232', 'APST_213', 'PVST_002', 'MUTH_202'}","{'MUTH_232', 'APST_213', 'MUTH_202'}",{'PVST_002'},0.0007714065312419646,1.0,67.05172413793103
123,"{'LANG_101', 'PVST_002', 'MUTH_202'}","{'LANG_101', 'PVST_002'}",{'MUTH_202'},0.0007714065312419646,0.75,64.81666666666666
125,"{'PVST_002', 'LANG_200', 'MUTH_202'}","{'PVST_002', 'LANG_200'}",{'MUTH_202'},0.0007714065312419646,0.75,64.81666666666666
132,"{'MUTH_101', 'MUTH_102', 'MUTH_132'}","{'MUTH_101', 'MUTH_102'}",{'MUTH_132'},0.0007714065312419646,0.6000000000000001,63.06486486486487
139,"{'MUTH_101', 'MUTH_201', 'MUTH_132'}","{'MUTH_101', 'MUTH_201'}",{'MUTH_132'},0.0007714065312419646,0.6000000000000001,63.06486486486487
142,"{'MUTH_102', 'MUTH_132', 'MUTH_202'}","{'MUTH_102', 'MUTH_202'}",{'MUTH_132'},0.0007714065312419646,0.6000000000000001,63.06486486486487
158,"{'MUTH_201', 'MUTH_132', 'MUTH_131'}","{'MUTH_132', 'MUTH_131'}",{'MUTH_201'},0.0007714065312419646,0.75,59.525510204081634
199,"{'APST_701', 'MUTH_201', 'OPTH_202', 'PVST_002'}","{'APST_701', 'OPTH_202', 'PVST_002'}",{'MUTH_201'},0.0007714065312419646,0.75,59.525510204081634
206,"{'MUTH_232', 'MUTH_201', 'MUTH_102', 'MUTH_132'}","{'MUTH_232', 'MUTH_102', 'MUTH_132'}",{'MUTH_201'},0.0007714065312419646,0.75,59.525510204081634
215,"{'MUTH_231', 'MUTH_201', 'MUTH_102', 'MUTH_232'}","{'MUTH_231', 'MUTH_102', 'MUTH_232'}",{'MUTH_201'},0.0007714065312419646,0.75,59.525510204081634
223,"{'MUTH_232', 'MUTH_201', 'MUTH_132', 'MUTH_231', 'MUTH_102'}","{'MUTH_231', 'MUTH_102', 'MUTH_132', 'MUTH_232'}",{'MUTH_201'},0.0007714065312419646,0.75,59.525510204081634
108,"{'PVST_009', 'APST_802', 'APST_800'}","{'PVST_009', 'APST_802'}",{'APST_800'},0.0007714065312419646,1.0,58.04477611940298
90,"{'MUTH_232', 'APST_213', 'PVST_002'}","{'PVST_002', 'APST_213'}",{'MUTH_232'},0.0007714065312419646,0.5,57.19117647058823
205,"{'MUTH_232', 'MUTH_201', 'MUTH_102', 'MUTH_132'}","{'MUTH_201', 'MUTH_102', 'MUTH_132'}",{'MUTH_232'},0.0007714065312419646,0.5,57.19117647058823
46,"{'MUTH_101', 'MUTH_130'}",{'MUTH_130'},{'MUTH_101'},0.0007714065312419646,0.6000000000000001,56.91219512195122
134,"{'MUTH_101', 'MUTH_231', 'MUTH_102'}","{'MUTH_101', 'MUTH_102'}",{'MUTH_231'},0.0007714065312419646,0.6000000000000001,56.91219512195122
172,"{'MUTH_231', 'MUTH_201', 'OPTH_202'}","{'OPTH_202', 'MUTH_201'}",{'MUTH_231'},0.0007714065312419646,0.6000000000000001,56.91219512195122
133,"{'MUTH_101', 'MUTH_102', 'MUTH_132'}","{'MUTH_101', 'MUTH_132'}",{'MUTH_102'},0.0007714065312419646,0.6000000000000001,54.26511627906978
216,"{'MUTH_231', 'MUTH_201', 'MUTH_102', 'MUTH_232'}","{'MUTH_231', 'MUTH_201', 'MUTH_232'}",{'MUTH_102'},0.0007714065312419646,0.6000000000000001,54.26511627906978
111,"{'MUTH_201', 'MUTH_202', 'APST_800'}","{'MUTH_201', 'APST_800'}",{'MUTH_202'},0.0007714065312419646,0.6000000000000001,51.853333333333346
154,"{'MUTH_232', 'MUTH_102', 'MUTH_202'}","{'MUTH_232', 'MUTH_102'}",{'MUTH_202'},0.0007714065312419646,0.6000000000000001,51.853333333333346
169,"{'PVST_002', 'MUTH_201', 'MUTH_202'}","{'PVST_002', 'MUTH_201'}",{'MUTH_202'},0.0007714065312419646,0.6000000000000001,51.853333333333346
95,"{'APST_701', 'MUTH_201', 'PVST_002'}","{'APST_701', 'MUTH_201'}",{'PVST_002'},0.0007714065312419646,0.75,50.28879310344827
197,"{'APST_701', 'MUTH_201', 'OPTH_202', 'PVST_002'}","{'APST_701', 'MUTH_201', 'OPTH_202'}",{'PVST_002'},0.0007714065312419646,0.75,50.28879310344827
80,"{'APST_213', 'MUTH_201', 'MUTH_202'}","{'APST_213', 'MUTH_202'}",{'MUTH_201'},0.0007714065312419646,0.6000000000000001,47.62040816326531
138,"{'MUTH_101', 'MUTH_201', 'MUTH_132'}","{'MUTH_101', 'MUTH_132'}",{'MUTH_201'},0.0007714065312419646,0.6000000000000001,47.62040816326531
178,"{'OPTH_202', 'MUTH_201', 'PVST_002'}","{'OPTH_202', 'PVST_002'}",{'MUTH_201'},0.0007714065312419646,0.6000000000000001,47.62040816326531
191,"{'PVST_002', 'APST_213', 'MUTH_201', 'MUTH_202'}","{'PVST_002', 'APST_213', 'MUTH_202'}",{'MUTH_201'},0.0007714065312419646,0.6000000000000001,47.62040816326531
110,"{'APST_804', 'PVST_012', 'APST_800'}","{'APST_804', 'PVST_012'}",{'APST_800'},0.0007714065312419646,0.75,43.53358208955223
99,"{'APST_701', 'PVST_002', 'MUTH_202'}","{'APST_701', 'PVST_002'}",{'MUTH_202'},0.0007714065312419646,0.5,43.211111111111116
180,"{'MUTH_231', 'MUTH_232', 'MUTH_202'}","{'MUTH_231', 'MUTH_232'}",{'MUTH_202'},0.0007714065312419646,0.5,43.211111111111116
9,"{'PVST_002', 'APST_300'}",{'APST_300'},{'PVST_002'},0.0007714065312419646,0.6000000000000001,40.23103448275862
59,"{'OPTH_405', 'PVST_002'}",{'OPTH_405'},{'PVST_002'},0.0007714065312419646,0.6000000000000001,40.23103448275862
176,"{'OPTH_202', 'MUTH_201', 'PVST_002'}","{'OPTH_202', 'MUTH_201'}",{'PVST_002'},0.0007714065312419646,0.6000000000000001,40.23103448275862
51,"{'MUTH_201', 'TECH_170'}",{'TECH_170'},{'MUTH_201'},0.0007714065312419646,0.5,39.683673469387756
82,"{'PVST_002', 'APST_213', 'MUTH_201'}","{'PVST_002', 'APST_213'}",{'MUTH_201'},0.0007714065312419646,0.5,39.683673469387756
96,"{'APST_701', 'MUTH_201', 'PVST_002'}","{'APST_701', 'PVST_002'}",{'MUTH_201'},0.0007714065312419646,0.5,39.683673469387756
112,"{'MUTH_201', 'MUTH_202', 'APST_800'}","{'MUTH_202', 'APST_800'}",{'MUTH_201'},0.0007714065312419646,0.5,39.683673469387756
14,"{'APST_714', 'APST_800'}",{'APST_714'},{'APST_800'},0.0007714065312419646,0.5,29.02238805970149
65,"{'SOCI_302', 'SOCI_301'}",{'SOCI_301'},{'SOCI_302'},0.0010285420416559527,0.8,622.24
66,"{'SOCI_302', 'SOCI_301'}",{'SOCI_302'},{'SOCI_301'},0.0010285420416559527,0.8,622.24
62,"{'PHYS_411', 'PHYS_412'}",{'PHYS_411'},{'PHYS_412'},0.0010285420416559527,0.6666666666666666,432.11111111111103
63,"{'PHYS_411', 'PHYS_412'}",{'PHYS_412'},{'PHYS_411'},0.0010285420416559527,0.6666666666666666,432.11111111111103
70,"{'PVST_001', 'APST_113', 'APST_214'}","{'PVST_001', 'APST_214'}",{'APST_113'},0.0010285420416559527,0.8,388.90000000000003
92,"{'APST_701', 'MUTH_201', 'OPTH_202'}","{'APST_701', 'MUTH_201'}",{'OPTH_202'},0.0010285420416559527,1.0,388.90000000000003
24,"{'PVST_026', 'APST_822'}",{'APST_822'},{'PVST_026'},0.0010285420416559527,0.8,345.68888888888887
10,"{'APST_600', 'APST_601'}",{'APST_601'},{'APST_600'},0.0010285420416559527,1.0,277.7857142857143
94,"{'APST_701', 'MUTH_201', 'OPTH_202'}","{'OPTH_202', 'MUTH_201'}",{'APST_701'},0.0010285420416559527,0.8,259.26666666666665
101,"{'APST_701', 'OPTH_202', 'PVST_002'}","{'APST_701', 'PVST_002'}",{'OPTH_202'},0.0010285420416559527,0.6666666666666666,259.26666666666665
102,"{'APST_701', 'OPTH_202', 'PVST_002'}","{'OPTH_202', 'PVST_002'}",{'APST_701'},0.0010285420416559527,0.8,259.26666666666665
7,"{'PVST_005', 'APST_282'}",{'APST_282'},{'PVST_005'},0.0010285420416559527,1.0,243.0625
69,"{'PVST_001', 'APST_113', 'APST_214'}","{'PVST_001', 'APST_113'}",{'APST_214'},0.0010285420416559527,0.6666666666666666,216.05555555555551
0,"{'APST_113', 'APST_214'}",{'APST_113'},{'APST_214'},0.0010285420416559527,0.5,162.04166666666666
36,"{'PVST_027', 'COMP_350'}",{'COMP_350'},{'PVST_027'},0.0010285420416559527,0.5,129.63333333333333
5,"{'PVST_001', 'APST_215'}",{'APST_215'},{'PVST_001'},0.0010285420416559527,1.0,125.4516129032258
68,"{'PVST_001', 'APST_113', 'APST_214'}","{'APST_113', 'APST_214'}",{'PVST_001'},0.0010285420416559527,1.0,125.4516129032258
211,"{'MUTH_231', 'MUTH_102', 'MUTH_132', 'MUTH_232'}","{'MUTH_231', 'MUTH_102', 'MUTH_232'}",{'MUTH_132'},0.0010285420416559527,1.0,105.10810810810811
71,"{'MUTH_231', 'APST_140', 'MUTH_201'}","{'APST_140', 'MUTH_201'}",{'MUTH_231'},0.0010285420416559527,1.0,94.85365853658536
210,"{'MUTH_231', 'MUTH_102', 'MUTH_132', 'MUTH_232'}","{'MUTH_232', 'MUTH_102', 'MUTH_132'}",{'MUTH_231'},0.0010285420416559527,1.0,94.85365853658536
218,"{'MUTH_231', 'MUTH_201', 'MUTH_132', 'MUTH_232'}","{'MUTH_232', 'MUTH_201', 'MUTH_132'}",{'MUTH_231'},0.0010285420416559527,1.0,94.85365853658536
146,"{'MUTH_232', 'MUTH_102', 'MUTH_132'}","{'MUTH_232', 'MUTH_102'}",{'MUTH_132'},0.0010285420416559527,0.8,84.08648648648649
220,"{'MUTH_231', 'MUTH_201', 'MUTH_132', 'MUTH_232'}","{'MUTH_231', 'MUTH_201', 'MUTH_232'}",{'MUTH_132'},0.0010285420416559527,0.8,84.08648648648649
72,"{'MUTH_231', 'APST_140', 'MUTH_201'}","{'MUTH_231', 'APST_140'}",{'MUTH_201'},0.0010285420416559527,1.0,79.36734693877551
209,"{'MUTH_231', 'MUTH_102', 'MUTH_132', 'MUTH_232'}","{'MUTH_231', 'MUTH_102', 'MUTH_132'}",{'MUTH_232'},0.0010285420416559527,0.6666666666666666,76.25490196078431
130,"{'MUTH_231', 'MHST_101', 'MUTH_201'}","{'MHST_101', 'MUTH_201'}",{'MUTH_231'},0.0010285420416559527,0.8,75.8829268292683
156,"{'MUTH_231', 'MUTH_102', 'MUTH_232'}","{'MUTH_232', 'MUTH_102'}",{'MUTH_231'},0.0010285420416559527,0.8,75.8829268292683
147,"{'MUTH_232', 'MUTH_102', 'MUTH_132'}","{'MUTH_232', 'MUTH_132'}",{'MUTH_102'},0.0010285420416559527,0.8,72.35348837209304
212,"{'MUTH_231', 'MUTH_102', 'MUTH_132', 'MUTH_232'}","{'MUTH_231', 'MUTH_132', 'MUTH_232'}",{'MUTH_102'},0.0010285420416559527,0.8,72.35348837209304
183,"{'PVST_002', 'OPTH_203', 'MUTH_202'}","{'OPTH_203', 'MUTH_202'}",{'PVST_002'},0.0010285420416559527,1.0,67.05172413793103
155,"{'MUTH_231', 'MUTH_102', 'MUTH_232'}","{'MUTH_231', 'MUTH_102'}",{'MUTH_232'},0.0010285420416559527,0.5714285714285714,65.36134453781511
217,"{'MUTH_231', 'MUTH_201', 'MUTH_132', 'MUTH_232'}","{'MUTH_231', 'MUTH_201', 'MUTH_132'}",{'MUTH_232'},0.0010285420416559527,0.5714285714285714,65.36134453781511
93,"{'APST_701', 'MUTH_201', 'OPTH_202'}","{'APST_701', 'OPTH_202'}",{'MUTH_201'},0.0010285420416559527,0.8,63.49387755102041
131,"{'MUTH_231', 'MHST_101', 'MUTH_201'}","{'MUTH_231', 'MHST_101'}",{'MUTH_201'},0.0010285420416559527,0.8,63.49387755102041
151,"{'MUTH_232', 'MUTH_201', 'MUTH_102'}","{'MUTH_232', 'MUTH_102'}",{'MUTH_201'},0.0010285420416559527,0.8,63.49387755102041
162,"{'MUTH_232', 'MUTH_201', 'MUTH_132'}","{'MUTH_232', 'MUTH_132'}",{'MUTH_201'},0.0010285420416559527,0.8,63.49387755102041
219,"{'MUTH_231', 'MUTH_201', 'MUTH_132', 'MUTH_232'}","{'MUTH_231', 'MUTH_132', 'MUTH_232'}",{'MUTH_201'},0.0010285420416559527,0.8,63.49387755102041
157,"{'MUTH_231', 'MUTH_102', 'MUTH_232'}","{'MUTH_231', 'MUTH_232'}",{'MUTH_102'},0.0010285420416559527,0.6666666666666666,60.29457364341086
184,"{'PVST_002', 'OPTH_203', 'MUTH_202'}","{'PVST_002', 'OPTH_203'}",{'MUTH_202'},0.0010285420416559527,0.6666666666666666,57.614814814814814
150,"{'MUTH_232', 'MUTH_201', 'MUTH_102'}","{'MUTH_201', 'MUTH_102'}",{'MUTH_232'},0.0010285420416559527,0.5,57.19117647058823
13,"{'PVST_002', 'APST_704'}",{'APST_704'},{'PVST_002'},0.0010285420416559527,0.8,53.64137931034483
42,"{'PVST_002', 'LANG_100'}",{'LANG_100'},{'PVST_002'},0.0010285420416559527,0.8,53.64137931034483
56,"{'PVST_002', 'OPTH_305'}",{'OPTH_305'},{'PVST_002'},0.0010285420416559527,0.8,53.64137931034483
58,"{'PVST_002', 'OPTH_404'}",{'OPTH_404'},{'PVST_002'},0.0010285420416559527,0.8,53.64137931034483
100,"{'APST_701', 'OPTH_202', 'PVST_002'}","{'APST_701', 'OPTH_202'}",{'PVST_002'},0.0010285420416559527,0.8,53.64137931034483
163,"{'MUTH_232', 'MUTH_201', 'MUTH_132'}","{'MUTH_232', 'MUTH_201'}",{'MUTH_132'},0.0010285420416559527,0.5,52.554054054054056
152,"{'MUTH_232', 'MUTH_201', 'MUTH_102'}","{'MUTH_232', 'MUTH_201'}",{'MUTH_102'},0.0010285420416559527,0.5,45.220930232558146
52,"{'OPTH_203', 'MUTH_202'}",{'OPTH_203'},{'MUTH_202'},0.0010285420416559527,0.5,43.211111111111116
43,"{'LANG_101', 'PVST_002'}",{'LANG_101'},{'PVST_002'},0.0010285420416559527,0.5,33.525862068965516
16,"{'APST_802', 'APST_800'}",{'APST_802'},{'APST_800'},0.0010285420416559527,0.5,29.02238805970149
88,"{'PVST_002', 'APST_213', 'MUTH_202'}","{'PVST_002', 'MUTH_202'}",{'APST_213'},0.0012856775520699408,0.5,277.7857142857143
11,"{'APST_701', 'OPTH_202'}",{'OPTH_202'},{'APST_701'},0.0012856775520699408,0.5,162.04166666666666
203,"{'MUTH_231', 'MUTH_201', 'MUTH_102', 'MUTH_132'}","{'MUTH_231', 'MUTH_201', 'MUTH_102'}",{'MUTH_132'},0.0012856775520699408,1.0,105.10810810810811
165,"{'MUTH_231', 'MUTH_132', 'MUTH_232'}","{'MUTH_232', 'MUTH_132'}",{'MUTH_231'},0.0012856775520699408,1.0,94.85365853658536
166,"{'MUTH_231', 'MUTH_132', 'MUTH_232'}","{'MUTH_231', 'MUTH_232'}",{'MUTH_132'},0.0012856775520699408,0.8333333333333333,87.59009009009009
167,"{'MUTH_232', 'MUTH_201', 'MUTH_202'}","{'MUTH_201', 'MUTH_202'}",{'MUTH_232'},0.0012856775520699408,0.7142857142857142,81.70168067226889
201,"{'MUTH_231', 'MUTH_201', 'MUTH_102', 'MUTH_132'}","{'MUTH_201', 'MUTH_102', 'MUTH_132'}",{'MUTH_231'},0.0012856775520699408,0.8333333333333333,79.04471544715446
87,"{'PVST_002', 'APST_213', 'MUTH_202'}","{'PVST_002', 'APST_213'}",{'MUTH_202'},0.0012856775520699408,0.8333333333333333,72.01851851851852
182,"{'MUTH_232', 'PVST_002', 'MUTH_202'}","{'MUTH_232', 'PVST_002'}",{'MUTH_202'},0.0012856775520699408,0.8333333333333333,72.01851851851852
164,"{'MUTH_231', 'MUTH_132', 'MUTH_232'}","{'MUTH_231', 'MUTH_132'}",{'MUTH_232'},0.0012856775520699408,0.625,71.48897058823529
86,"{'PVST_002', 'APST_213', 'MUTH_202'}","{'APST_213', 'MUTH_202'}",{'PVST_002'},0.0012856775520699408,1.0,67.05172413793103
171,"{'MUTH_231', 'MUTH_201', 'MUTH_232'}","{'MUTH_231', 'MUTH_232'}",{'MUTH_201'},0.0012856775520699408,0.8333333333333333,66.13945578231292
202,"{'MUTH_231', 'MUTH_201', 'MUTH_102', 'MUTH_132'}","{'MUTH_231', 'MUTH_102', 'MUTH_132'}",{'MUTH_201'},0.0012856775520699408,0.8333333333333333,66.13945578231292
204,"{'MUTH_231', 'MUTH_201', 'MUTH_102', 'MUTH_132'}","{'MUTH_231', 'MUTH_201', 'MUTH_132'}",{'MUTH_102'},0.0012856775520699408,0.7142857142857142,64.60132890365448
3,"{'APST_213', 'MUTH_202'}",{'APST_213'},{'MUTH_202'},0.0012856775520699408,0.7142857142857142,61.73015873015873
148,"{'MUTH_231', 'MUTH_201', 'MUTH_102'}","{'MUTH_201', 'MUTH_102'}",{'MUTH_231'},0.0012856775520699408,0.625,59.28353658536585
170,"{'MUTH_231', 'MUTH_201', 'MUTH_232'}","{'MUTH_232', 'MUTH_201'}",{'MUTH_231'},0.0012856775520699408,0.625,59.28353658536585
181,"{'MUTH_232', 'PVST_002', 'MUTH_202'}","{'PVST_002', 'MUTH_202'}",{'MUTH_232'},0.0012856775520699408,0.5,57.19117647058823
149,"{'MUTH_231', 'MUTH_201', 'MUTH_102'}","{'MUTH_231', 'MUTH_102'}",{'MUTH_201'},0.0012856775520699408,0.7142857142857142,56.69096209912536
168,"{'MUTH_232', 'MUTH_201', 'MUTH_202'}","{'MUTH_232', 'MUTH_201'}",{'MUTH_202'},0.0012856775520699408,0.625,54.01388888888889
57,"{'PVST_002', 'OPTH_400'}",{'OPTH_400'},{'PVST_002'},0.0012856775520699408,0.7142857142857142,47.89408866995073
44,"{'PVST_002', 'LANG_201'}",{'LANG_201'},{'PVST_002'},0.0012856775520699408,0.625,41.9073275862069
50,"{'OPTH_202', 'MUTH_201'}",{'OPTH_202'},{'MUTH_201'},0.0012856775520699408,0.5,39.683673469387756
54,"{'OPTH_202', 'PVST_002'}",{'OPTH_202'},{'PVST_002'},0.0012856775520699408,0.5,33.525862068965516
18,"{'PVST_009', 'APST_800'}",{'PVST_009'},{'APST_800'},0.0012856775520699408,0.5555555555555555,32.24709784411276
113,"{'APST_821', 'PVST_018', 'APST_825'}","{'APST_821', 'APST_825'}",{'PVST_018'},0.0015428130624839291,0.8571428571428572,333.34285714285716
115,"{'APST_821', 'PVST_018', 'APST_825'}","{'APST_825', 'PVST_018'}",{'APST_821'},0.0015428130624839291,0.8571428571428572,333.34285714285716
114,"{'APST_821', 'PVST_018', 'APST_825'}","{'APST_821', 'PVST_018'}",{'APST_825'},0.0015428130624839291,0.75,324.0833333333333
1,"{'PVST_001', 'APST_113'}",{'APST_113'},{'PVST_001'},0.0015428130624839291,0.75,94.08870967741935
144,"{'MUTH_231', 'MUTH_102', 'MUTH_132'}","{'MUTH_231', 'MUTH_102'}",{'MUTH_132'},0.0015428130624839291,0.8571428571428572,90.0926640926641
140,"{'MUTH_201', 'MUTH_102', 'MUTH_132'}","{'MUTH_201', 'MUTH_102'}",{'MUTH_132'},0.0015428130624839291,0.75,78.83108108108108
145,"{'MUTH_231', 'MUTH_102', 'MUTH_132'}","{'MUTH_231', 'MUTH_132'}",{'MUTH_102'},0.0015428130624839291,0.75,67.83139534883722
4,"{'PVST_002', 'APST_213'}",{'APST_213'},{'PVST_002'},0.0015428130624839291,0.8571428571428572,57.47290640394089
141,"{'MUTH_201', 'MUTH_102', 'MUTH_132'}","{'MUTH_201', 'MUTH_132'}",{'MUTH_102'},0.0015428130624839291,0.6000000000000001,54.26511627906978
55,"{'PVST_002', 'OPTH_203'}",{'OPTH_203'},{'PVST_002'},0.0015428130624839291,0.75,50.28879310344827
12,"{'APST_701', 'PVST_002'}",{'APST_701'},{'PVST_002'},0.0015428130624839291,0.5,33.525862068965516
21,"{'APST_821', 'APST_825'}",{'APST_825'},{'APST_821'},0.0017999485728979173,0.7777777777777778,302.4777777777778
25,"{'APST_825', 'PVST_018'}",{'APST_825'},{'PVST_018'},0.0017999485728979173,0.7777777777777778,302.4777777777778
20,"{'APST_821', 'APST_825'}",{'APST_821'},{'APST_825'},0.0017999485728979173,0.7000000000000001,302.47777777777776
26,"{'APST_825', 'PVST_018'}",{'PVST_018'},{'APST_825'},0.0017999485728979173,0.7000000000000001,302.47777777777776
161,"{'MUTH_231', 'MUTH_201', 'MUTH_132'}","{'MUTH_231', 'MUTH_132'}",{'MUTH_201'},0.0017999485728979173,0.875,69.44642857142857
160,"{'MUTH_231', 'MUTH_201', 'MUTH_132'}","{'MUTH_201', 'MUTH_132'}",{'MUTH_231'},0.0017999485728979173,0.7000000000000001,66.39756097560976
17,"{'APST_804', 'APST_800'}",{'APST_804'},{'APST_800'},0.0017999485728979173,0.5833333333333333,33.8594527363184
22,"{'APST_821', 'PVST_018'}",{'APST_821'},{'PVST_018'},0.0020570840833119054,0.8,311.12
23,"{'APST_821', 'PVST_018'}",{'PVST_018'},{'APST_821'},0.0020570840833119054,0.8,311.12
8,"{'APST_285', 'PVST_007'}",{'APST_285'},{'PVST_007'},0.0020570840833119054,0.8888888888888888,157.1313131313131
47,"{'MUTH_101', 'MUTH_131'}",{'MUTH_131'},{'MUTH_101'},0.004371303677037799,0.6071428571428571,57.589721254355396
48,"{'MUTH_102', 'MUTH_132'}",{'MUTH_132'},{'MUTH_102'},0.0053998457186937516,0.5675675675675675,51.331866750471406
49,"{'MUTH_231', 'MUTH_201'}",{'MUTH_231'},{'MUTH_201'},0.0061712522499357166,0.5853658536585366,46.45893479342956
